{"cameraMode":{"drawMode":0,"name":"Shaded","section":"Shading Mode"},"sceneLighting":false,"audioPlay":false,"sceneViewState":{"showFog":true,"showMaterialUpdate":false,"showSkybox":false,"showFlares":true,"showImageEffects":true,"showParticleSystems":true},"in2DMode":false,"pivot":{"x":586.8897705078125,"y":1213.6829833984375,"z":-8.500030517578125},"rotation":{"x":0.007190200034528971,"y":-0.003902899334207177,"z":-0.00002784935168165248,"w":-0.9999693632125855},"size":1957.9078369140625,"orthographic":true}