{"cameraMode":{"drawMode":0,"name":"Shaded","section":"Shading Mode"},"sceneLighting":false,"audioPlay":false,"sceneViewState":{"showFog":true,"showMaterialUpdate":false,"showSkybox":false,"showFlares":true,"showImageEffects":true,"showParticleSystems":true},"in2DMode":false,"pivot":{"x":-2.0060651302337648,"y":5.465946197509766,"z":10.895275115966797},"rotation":{"x":-0.012610460631549359,"y":0.0005919120158068836,"z":-0.00004382493352750316,"w":-0.9999638795852661},"size":10.817602157592774,"orthographic":false}