{"cameraMode":{"drawMode":0,"name":"Shaded","section":"Shading Mode"},"sceneLighting":false,"audioPlay":false,"sceneViewState":{"showFog":true,"showMaterialUpdate":false,"showSkybox":true,"showFlares":true,"showImageEffects":true,"showParticleSystems":true},"in2DMode":false,"pivot":{"x":121.59514617919922,"y":345.164794921875,"z":-89.18244934082031},"rotation":{"x":0.0005852714530192316,"y":-0.9997081160545349,"z":0.0318005196750164,"w":0.011116648092865944},"size":753.3451538085938,"orthographic":false}