{"cameraMode":{"drawMode":0,"name":"Shaded","section":"Shading Mode"},"sceneLighting":false,"audioPlay":false,"sceneViewState":{"showFog":true,"showMaterialUpdate":false,"showSkybox":true,"showFlares":true,"showImageEffects":true,"showParticleSystems":true},"in2DMode":false,"pivot":{"x":0.0,"y":2.9530982971191408,"z":-16.70946502685547},"rotation":{"x":-0.00018996259314008057,"y":-0.9910027384757996,"z":0.13581793010234834,"w":-0.0029746831860393287},"size":5.217850208282471,"orthographic":false}