{"cameraMode":{"drawMode":0,"name":"Shaded","section":"Shading Mode"},"sceneLighting":false,"audioPlay":false,"sceneViewState":{"showFog":true,"showMaterialUpdate":false,"showSkybox":true,"showFlares":true,"showImageEffects":true,"showParticleSystems":true},"in2DMode":false,"pivot":{"x":172.184326171875,"y":266.959716796875,"z":-96.63114166259766},"rotation":{"x":0.021605994552373887,"y":-0.0002740714407991618,"z":-0.00020968807803001255,"w":1.0000433921813965},"size":320.6153869628906,"orthographic":false}