{"cameraMode":{"drawMode":0,"name":"Shaded","section":"Shading Mode"},"sceneLighting":false,"audioPlay":false,"sceneViewState":{"showFog":true,"showMaterialUpdate":false,"showSkybox":true,"showFlares":true,"showImageEffects":true,"showParticleSystems":true},"in2DMode":false,"pivot":{"x":-0.3900343179702759,"y":-0.6258379220962524,"z":1.8260900974273682},"rotation":{"x":-0.039296578615903857,"y":0.020646587014198304,"z":-0.0007333526154980063,"w":-0.9993299841880798},"size":11.41031265258789,"orthographic":false}