{"cameraMode":{"drawMode":0,"name":"Shaded","section":"Shading Mode"},"sceneLighting":false,"audioPlay":false,"sceneViewState":{"showFog":true,"showMaterialUpdate":false,"showSkybox":true,"showFlares":true,"showImageEffects":true,"showParticleSystems":true},"in2DMode":false,"pivot":{"x":93.19483184814453,"y":430.7227783203125,"z":-29.93111801147461},"rotation":{"x":0.03868729993700981,"y":0.5820595026016235,"z":0.027897313237190248,"w":-0.8121565580368042},"size":189.01156616210938,"orthographic":false}