{"cameraMode":{"drawMode":0,"name":"Shaded","section":"Shading Mode"},"sceneLighting":false,"audioPlay":false,"sceneViewState":{"showFog":true,"showMaterialUpdate":false,"showSkybox":true,"showFlares":true,"showImageEffects":true,"showParticleSystems":true},"in2DMode":false,"pivot":{"x":102.7176742553711,"y":238.5829315185547,"z":-81.97283172607422},"rotation":{"x":0.0005852714530192316,"y":-0.9997081160545349,"z":0.0318005196750164,"w":0.011116648092865944},"size":715.2974853515625,"orthographic":false}